"","Sample_04","Sample_03","Sample_02","Sample_01"
"1",0,0,0,0
"2",0,0,0,0
"3",39708.874303958,31606.7875707258,52157.901733903,44771.795692035
"4",0,0,0,0
"5",0,56.6618267140664,0,0
"6",33394.6579756385,26146.2024711324,49460.4247636831,31134.3431323085
"7",24662.3801926172,28478.3865995198,46209.3476585707,43451.5878953828
"8",8518.01552889467,6666.73538397704,5914.40432533707,9113.50834685082
"9",0,0,0,0
"10",34881.474459951,26409.1721749236,47179.0912510176,59165.634239947
"11",34535.5299935335,39034.6924106539,33713.9667624644,55579.3765208567
"12",51389.2533105349,37482.5775301279,57725.5206798851,57195.0922506238
"13",25435.056896589,41135.8671520837,72073.582226721,70074.6750189511
"14",5596.32361541489,7237.22886904521,5552.50689076187,3392.20244655868
"15",0,0,0,0
"16",37143.675826239,36525.3222779464,50333.6561731927,68547.6748152321
"17",52312.1078056005,51739.1653725245,69612.7642570917,92920.2288681296
"18",9.24398705851389,175.866909630565,0,21.0645276764862
"19",0,0,0,0
"20",1562.03138707423,6504.76424764004,1297.89737218427,2427.98264281774
"21",37938.6853620055,29261.1494431585,45528.9120915936,46697.4274545358
"22",41338.3774804632,38736.1269726917,42004.8424127099,53664.5509609839
"23",44005.2833047479,24671.8762408491,39658.9579202245,62609.5218670976
"24",4907.05336241009,6968.46239523844,4713.17342259264,19612.8572286086
"25",38344.8944408412,30061.851708412,46704.8486782171,35633.6932401776
"26",56403.3626207928,33755.0306072031,43269.5773340827,62858.6298803365
"27",75.199862373925,70.0331384456407,109.233152506438,144.626262893965
"28",29095.6306806999,38217.9366787567,43415.9613392007,48863.7652262169
"29",5400.24906185394,11088.2297070851,6408.24564370388,3664.45930334616
"30",0,0,0,0.999872905640905
"31",3202.73818434538,4550.22240869406,5364.41807504869,7302.20364312362
"32",0,0,0,0
"33",45332.0682749882,46343.587085753,65277.2004687567,32286.4410655075
"34",9.44042766405963,155.911627715603,12.6966778990564,51.0406375386845
"35",4.32772392285109,14.5583329552155,0,0
"36",21246.0502421861,34071.6502787616,25366.2443925485,21062.3220571105
"37",24660.7535669254,35596.2634476912,26249.9932872164,36644.7538231479
"38",3917.09661991863,6504.14444026148,4735.94583865409,2139.01163411809
"39",6885.48384640827,13648.9186902085,7835.17858879896,3273.30512578611
"40",2721.66574483131,4357.08973594619,3291.41823563807,1805.01900378164
"41",1.26237542511703,28.1068608638154,10.9161987800724,289.712863905627
"42",0,0,0,0
"43",0,0,0,0
"44",11563.5148938768,12791.7399258649,16274.5555188783,12573.8783954407
"45",2001.12821672331,44.363678692606,2597.27782518205,465.548791979046
"46",3196.80301239269,5957.2702573119,3424.68884522893,1530.30104428222
"47",38601.8820753494,53278.3411493181,48956.932199433,59669.1529868585
"48",41191.4045162576,49432.9593692903,41289.8162174183,59324.1793525638
"49",3394.04643526664,2046.45628011281,2744.37998992929,1212.21917225731
"50",28234.5871746926,31616.8346445,46485.7305058541,41778.3055011503
"51",440.968797378052,705.868762303366,1346.99674157354,2419.3980593803
"52",58592.7687966894,47551.9312522182,79703.7143827239,88679.7296008225
"53",0,0,0,3.86372849125701
"54",43519.4596977687,49838.5286894329,60022.749417308,68718.4015395539
"55",15.1209292667591,0,0,0
"56",0,9.52365764943485,0,6.59468483355876
"57",733.905938124749,1900.4998626061,894.04325370485,492.469807123699
"58",0,0,0,0
"59",209.536952027925,715.761826791797,94.9663859271281,1039.05948177796
"60",430.377222555972,333.060874194445,195.020072015795,640.887619450336
"61",339.193111177623,603.323427905428,267.464254722029,824.389558840864
"62",4.62513844405101,95.5006616709816,55.00437443168,850.708521068358
"63",2314.76501553404,8853.65438239981,4270.95306726791,3272.58031316635
"64",42042.9774530355,35798.9808697907,46623.502783764,42607.968462818
"65",17604.4146409486,3582.13296662718,18083.680283351,21466.2929390355
"66",27766.6639777515,11217.3650702683,36782.8735588844,29228.3638099857
"67",41004.6708995475,54805.9318608695,39836.5569806726,54530.1515731881
"68",26.0974672826282,138.203565633406,169.58199056843,1727.56783419765
"69",0,0,0,0
"70",0,4.77431995726363,0,25.6399732668723
"71",2125.07437775205,8103.47426352578,2048.78794808482,1875.19794547351
"72",25003.776972365,5596.56803168489,32097.2966707874,23205.2272745772
"73",7140.09467188503,6953.98508870589,5482.64921403976,15584.3436149078
"74",7.9225010277544,0,0,6.14133302615489
"75",0,0,0,0
"76",23489.914369569,6438.83337452366,27484.9216057712,27236.1266260787
"77",17.2073202861354,0,32.0601146453867,24.5142904488147
"78",4721.80351334967,17471.4560522775,4081.31862958071,2193.60500859512
"79",50146.6449825585,38578.5526438268,62525.5779437362,68776.4256723736
"80",59487.2208283796,47742.7234217718,88705.7297005526,84801.2019588656
"81",30545.5431613527,19871.3132768386,52671.5274312,46669.0252751168
"82",0,0,0,0
"83",0,0,0,0
"84",0,0,0,745.579411270374
"85",423.424660249272,530.30328177442,176.867968888841,1688.24806599091
"86",678.429438050832,497.579786051374,3030.96694677029,1931.74124593264
"87",432.149250265671,339.14246709762,253.036465008201,1382.16418970813
"88",549.384600763194,693.060121832899,328.190917441577,405.112047615927
"89",2751.34893500323,11674.2829093606,3008.88804968884,3096.70430605149
"90",0,0,0,0
"91",587.830120983495,5237.61271624483,511.756932012623,162.192139967004
"92",11176.0477356873,4387.41287530758,11238.3834715212,18288.1607407988
"93",42.8602244447822,356.774765170972,2715.01178844331,193.794695304564
"94",0,6.32006284827167,0,0
"95",0,37.2878350869205,0,0
"96",5842.94631869633,5363.66781983577,13365.5444377952,13694.2637642024
"97",10811.5425768969,52418.2665468978,16235.5588209959,10309.8372886958
"98",156.716018365094,2216.72153666376,205.562565667257,736.186054332776
"99",4799.78494337742,2975.08597687056,5079.85233168294,3079.82862087066
"100",1439.66582372948,543.150458067779,2171.61108272215,1671.10086447128
"101",18581.681321592,23670.4629434916,20877.0994049298,22421.5335580141
"102",22119.1745399003,31422.4694014359,26511.6073071374,31080.2729679758
"103",2817.99312322025,12523.8820183105,2507.96705293418,3622.62409618872
"104",40909.5148537551,49289.2336465946,61614.2119951669,58998.0895036619
"105",63680.6686503838,47353.0304513852,68780.414952335,85387.7422360374
"106",22.2161955029372,76.8531048402563,166.669353672709,75.8376810990539
"107",4292.18977367348,3454.72774579897,3315.89416751781,8630.2248249823
"108",10913.7678103883,31706.1626745918,10905.2733934743,13012.8293720911
"109",5523.01386519181,19123.2418557045,5937.01353310578,7129.7417400419
"110",0,0,0,1.24765272398615
"111",66888.4853841892,91827.3225584365,76050.282596649,86878.001095158
"112",3577.2578931401,19556.9146424715,3685.1503705605,3416.9634107666
"113",0,0,0,0
"114",0,0,0,0
"115",5162.40814295704,2913.17044374302,2225.6009831623,6325.90042602558
"116",34.9167685426682,0,0,0
"117",16279.116521087,1064.22552403332,19807.2998409119,14667.8327694389
"118",16.4160796381078,128.603177495266,850.588513669533,65.6154891257488
"119",1279.38043290332,2466.94155102217,3518.58071210143,7170.98819432447
"120",45386.3130895961,33149.6586846888,62458.1986210852,58225.8206750574
"121",32047.1443444465,42306.1380648061,39343.2865318588,55499.3155507063
"122",0,0,0,0
"123",4.47296938212246,0,0,0
"124",46809.6110496319,30817.7795385702,42338.0481972574,61740.505316082
"125",0,0,0,0
"126",2378.45116338893,7967.18209768161,1510.3782882633,3884.95163417333
"127",0,32.6262451086996,0,0
"128",1684.23876327214,928.683238896234,642.083677220086,2037.38635459281
"129",20.1095705240434,8.57773084793735,0,9.45193151134795
"130",3611.87785205995,9933.30846889004,3038.96337307293,2262.37754409889
"131",38668.9091760016,46312.7298739827,56479.3735467289,74916.2734443525
"132",29700.0535217524,25077.4117291558,45262.7224337895,73836.4818285643
"133",2320.33055957774,18342.1854778291,1728.8466055291,479.942361359539
"134",32416.1104312238,44642.8454610432,39384.1589473778,51753.3010684354
"135",0,11.1524370564543,0,26.8098630217728
"136",42384.7723366964,43595.7764334396,46118.3451876574,46452.8134611618
"137",7061.03524771231,16451.990878995,4807.95010212778,5370.73022073559
"138",5.61934664486912,15.1620798766944,0,4.7979032267548
"139",0,0,0,0
"140",7901.23788210454,28964.3710451281,9351.23613969493,5437.84723883503
"141",0,0,0,0
"142",0,0,0,0
"143",10887.9335105998,12133.0756566208,10712.1009989562,19051.4804016858
"144",7884.52806590042,12491.6936205127,8940.77262364224,20125.3580997018
"145",0,0,0,0
"146",4466.78302195303,4456.53564017161,4743.68103211999,2259.65884226725
"147",14734.7662615304,11249.1171916434,9247.06953498373,4405.66912916484
"148",31248.052711059,5714.01493224648,28953.0567703283,33353.7535223574
"149",0,0,0,0
"150",29828.4495074069,36716.4509163616,46287.9922304892,53131.2869897189
"151",919.798184281356,1334.45356150792,4216.87959217477,2229.46858517705
"152",0,0,0,0
"153",0,0,0,0
"154",0,16.2620300069787,0,6.03485204143642
"155",0,0,0,0
"156",0,0,0,0
"157",0,0,0,0
"158",41281.3043990168,37196.1412805987,64177.1708418026,70003.9917066665
"159",171.339706315492,497.525647818065,455.64128447378,1272.35301800934
"160",4139.92990131545,11770.1950783278,3559.43404256372,4682.49081706938
"161",47455.4553930001,28743.482836181,67190.5142369958,61015.6756250564
"162",0,0,0,0
"163",0,0,0,0
"164",0,18.9458758751769,0,7.74879427783272
"165",0,0,0,0
"166",0,0,0,0
"167",0,0,0,0
"168",39223.2514523389,40227.2412072809,39958.7692839248,21397.4335050153
"169",44116.6075328293,51825.7212123644,55144.3762960622,78258.1960892243
"170",0,0,0,0
"171",1632.45130505801,1073.40920693221,2170.38818061741,1179.34460360046
"172",42993.2048914421,45731.8669043059,61330.3459061385,75242.0546493109
"173",1128.30657631628,1282.03990812466,884.808096329884,2586.01412393056
"174",32024.0911347207,33426.0637942836,50409.6634344542,51420.8679483196
"175",1179.44767320687,1508.15303954401,760.560127714553,2388.38803307831
"176",4462.65773691819,506.759348080432,3658.59044277157,9461.80183965872
"177",0,0,0,0
"178",0,0,0,0
"179",0,0,0,0
"180",2254.82881566517,9326.87273492453,1138.89198916589,1127.20192129992
"181",3722.79746011588,15121.7784646138,2012.48454202413,1864.36905710119
"182",3766.48762425294,20822.9841138247,2646.35605569318,2096.83556563823
"183",2646.61454064336,16186.6915551693,1568.93655844008,1915.64293806699
"184",3141.04201010772,10086.3551730891,1864.46396054436,2193.99428182853
"185",664.212950859663,3396.19703155198,503.06776089667,137.380898513491
"186",2299.79740012221,7472.85372733822,1107.07146495792,1509.53244674646
"187",2525.24167096395,13028.3169798921,2140.47299433408,1677.35979167193
"188",2473.79075926142,8842.51395100614,1253.25884460949,1378.03031769618
"189",2737.44900199634,15315.9136027406,1800.06119211509,1556.34258279998
"190",3239.31029941376,11806.4817089582,2083.43393804604,2496.10708564528
"191",3336.61063237779,16767.1595016325,2344.94357275564,2208.5976247332
"192",3627.06125409028,13015.7474657273,2261.68260609331,1995.92362572758
"193",0,11.6008065403996,0,0
"194",12.7780440415134,101.815992366469,251.031390218687,47.1206503386529
"195",345.914861610467,1543.71116318448,246.915362683701,2707.39269205107
"196",8.72204783701228,0,0,12.8155171479499
"197",32883.3483412914,35894.1659181637,58334.658616249,48003.4503760289
"198",304.163471856947,239.109204797851,553.52417444115,6883.73453691372
"199",0,24.4537388515289,23.0957803557031,30.6546973571833
"200",0,0,0,0
"201",0,0,0,0
"202",41064.1270411359,41167.7087212941,51461.5118514611,54404.6255247736
"203",32616.7466325066,36991.0921949848,55515.9678649944,47209.981977541
"204",32565.83551132,44538.0503704407,57485.7992176136,50794.3391151759
"205",32340.712155907,45584.6028529967,42755.2522561395,57403.9192780562
"206",9127.91760510386,17743.6514919913,11431.0751837184,7342.74032880186
"207",9813.96043070203,21926.5972250253,8938.43938621209,10103.826622827
"208",0,0,0,0
"209",0,0,0,0
"210",27619.5505313534,34487.5149986624,29102.8857657844,43910.8298352781
"211",34076.4892603292,30592.1250991095,43081.3777923031,44114.2239610517
"212",47409.7909392277,52305.6615407351,61793.4746328454,76817.8456175624
"213",15953.3598447655,26567.3800724797,17914.9779219098,13048.769335068
"214",0,0,0,0
"215",0,0,0,0
"216",39867.4850610379,33399.7337197781,52887.7267946818,85002.8074755788
"217",150.599983789899,186.425602736392,60.7107596036909,5.84713792354733
"218",26498.0764380699,22725.7786621914,37187.7275247214,33123.937740894
"219",7513.42699462449,216.789678017718,9270.16649893779,2025.35279540068
"220",37893.235341019,42928.4633437868,45549.7923883314,70403.3181279114
"221",10223.0678725365,655.989708461363,10357.4785314018,7107.76027385127
"222",883.649751228886,664.118045155344,403.026484773376,3367.80813950702
"223",2217.14635617203,7239.1288976457,1157.2113029649,3648.38640734797
"224",1603.73269639756,240.98166842635,2051.89586267204,1079.94226488724
"225",2896.96228950982,455.528901531041,2511.74409599494,2069.35401482438
"226",43116.1716269151,38862.3285030536,46627.7527004357,73827.3772402292
"227",116.812108866952,573.449485767001,178.582773152907,778.366817609726
"228",13660.6363385507,12190.0323094888,14733.0010750887,20823.2587544837
"229",311.376465933203,344.57102150025,724.572056871963,1509.7604173526
"230",48743.2409537426,42790.0727205214,51351.2691295815,47385.9914272124
"231",33980.841813886,29435.1652301116,51759.5429616252,62063.5838358864
"232",41199.4906474532,37599.2664661974,49313.5876029298,66877.6737177825
"233",8.82853068945099,95.8987889438886,29.0250413652521,8.49904440033337
"234",1.07215018914986,10.5153620382678,0,3.62042261615
"235",5.09141381584557,37.8066561134519,0,12.5234548374976
"236",137.29665608053,247.062786309156,62.3447420995587,829.574128560874
"237",3.92404788890553,12.9327453600614,0,6.00428711375926
"238",3369.93580601965,22458.9733934472,2475.53674875223,2131.60433453819
"239",16171.2660661699,21337.1976953275,25957.0116014458,29976.0107032516
"240",1174.53786944316,1089.41838407219,1708.22603373525,533.344838061416
"241",6268.75241193548,5612.95128011931,7564.03031060202,3572.25173346993
"242",38760.2242610475,36777.839660596,41187.5206697722,61169.1620532991
"243",1583.90959513682,4627.16632125318,456.657218040904,787.509815924058
"244",0,0,0,38.6410806593363
"245",0,0,0,0
"246",2356.51475819579,10.2562719909878,2250.48768830375,386.617341540504
"247",6654.79629523359,15652.1618057518,4358.36727519925,21385.2046165811
"248",10308.7458084664,23956.3209124893,10302.148524197,32993.3700105208
"249",6545.13172219419,14068.1195892792,6313.72880975777,26533.8215959152
"250",9469.1810467687,16806.2611550246,9480.78050439282,25371.2212582004
"251",33329.0971189502,40244.5004710294,33609.0279598424,61143.0886819982
"252",19802.2571926657,31312.5247493505,28929.3100033419,22241.6212122843
"253",27426.3869467965,45187.2026747737,59932.0723882925,69323.5556550875
"254",42984.0042293475,45078.1760383057,69729.8992988942,85394.5084426875
"255",0,0,0,0
"256",0,0,0,0
"257",0,0,0,0
"258",50104.2025477768,37965.7303507167,47545.07720891,59971.1436747181
"259",16043.3393395198,25516.8313284911,25727.2868789428,15871.1020500399
"260",54229.2332052615,27251.6527782175,54015.4463194328,79733.7515165966
"261",0,0,0,0
"262",14257.6357907162,7572.95657252064,11024.4948316234,8105.85849101982
"263",3000.30655654742,10113.0316768165,4198.57400357205,3475.13848867989
"264",3829.68954544269,12052.04184388,7527.58923583093,14007.8993409229
"265",0,0,0,0
"266",2757.51837984799,55.5123909305292,2420.13265850186,539.261710243407
"267",0,0,0,0
"268",10254.2175935805,17806.0989441016,7006.41083220453,6423.80638288114
"269",17217.580976979,27605.497220857,26276.2240747648,32038.0238508497
"270",5650.03362193772,20223.9915846018,5745.7477924783,7569.71562802903
"271",3710.4589237065,4227.21327455322,2850.14169010568,6681.56231526243
"272",0,541.904567412249,0,65.7606904357808
"273",959.976079411413,3940.6579247318,616.148715159937,314.75537518056
"274",16473.4804750821,3392.19534377053,23712.0824706754,16265.7215624335
"275",4.66982850612653,0,0,0
"276",158.060955154771,220.561040038679,44.0902009303287,839.625107668627
"277",0,0,0,29.983819826243
"278",8541.76689392516,19188.0180960624,5953.84950948664,7042.11210625509
"279",0,0,0,0
"280",688.160437436516,2094.9422367855,922.43956101608,1550.45175424689
"281",19891.5338018967,3736.18561664461,28734.106436643,17147.9785022629
"282",35.2159869795116,26.5933613963917,157.335182719097,50.5734830173333
"283",3.59510616468061,5.0754273247402,0,5.24121599590565
"284",168.46734358026,460.252650032598,113.775802944497,949.077645503424
"285",6.34519311505314,16.1040567056477,0,7.86720481785341
"286",24573.6734737141,40060.6530450483,36526.1222848273,40004.2577068614
"287",8351.79102878812,20442.6741124115,8306.84898528052,10544.8622719185
"288",15.1371040131334,206.745494341891,1312.71400355983,107.456938609642
"289",0,11.5262742380487,0,1542.75422631842
"290",0,0,0,0
"291",7.96923194885467,41.5154950432877,155.178636106779,0.393296229060641
"292",6127.00463512653,14324.1137270673,5883.4418546522,5241.51272014612
"293",0,0,0,0
"294",12057.8282035617,36540.501575603,10695.3871929434,14715.73577866
"295",43601.9450969673,40350.8496351648,45202.2153956997,58244.3048132656
"296",11583.0199155049,36982.0966325004,11431.0367532393,11618.2339319783
"297",8378.88092227406,17949.1224368891,6182.41179195695,6769.70932336388
"298",10290.2659892952,30505.2988138068,9597.31520251999,11224.6764214766
"299",1218.70773590151,1617.36739749802,2606.92248338361,2552.85272898188
"300",2373.19133867155,921.57880991091,4025.93531999874,2172.18324212979
"301",48374.2171649778,42823.9310341796,72193.3256736862,94315.1632342379
"302",39981.3221989842,51866.4338743715,60449.7293557711,63518.1722354212
"303",1473.52064664523,2140.73038553785,776.568579579803,3294.57370264555
"304",0,0,0,0
"305",0,0,0,0
"306",0,0,0,0
"307",7096.77168764675,16332.1926944177,2911.6409775236,2513.99811771957
"308",0,130.877482037199,0,0
"309",13181.0785760295,15262.395236278,19311.3582599958,19297.2533246122
"310",20293.9825769854,6311.53884868183,35761.6353420576,16148.2682918508
"311",29514.555367999,32100.1892926765,45984.6429995707,34356.0088551937
"312",15995.5686490755,3633.09058907377,19857.4085995542,15714.6864196411
"313",0,609.421177525518,73.0328442783096,3720.21132309897
"314",32213.0247506819,29111.6115944573,41672.2798261212,45291.2077250848
"315",17182.3363029252,18424.2043121802,19135.4750194792,36525.0514045358
"316",29308.0065413566,40171.1604124948,58160.1304339351,45398.6766527151
"317",63.1177862472034,138.003019309595,45.6136348225969,4.47967495496423
"318",25.4425171194016,115.4551680128,33.3910233441221,2.93360603661599
"319",73.9227926808042,119.848822949267,52.2380175838158,2.62059962302598
"320",0,39.0292319131881,0,0
"321",20435.6207705883,10601.0547484067,31005.6077948908,29740.6516651009
"322",10012.2879502156,12953.9529100849,8730.65010559442,13631.2780454688
"323",7028.06972711721,178.100680507991,8106.36594163,1397.94056057971
"324",14.1838445530512,29.9230207826749,10.5184822738377,0
"325",25941.5094476131,34352.9120026668,21926.7158726238,33757.1943433016
"326",1.31209803672435,15.3942490603689,0,4.22607284904754
"327",1510.44292496102,449.414859224873,2081.11899239758,1381.80328661965
"328",0,0,0,0
"329",20663.1171534114,10574.9334498399,27963.4264387889,21217.6385029252
"330",0,0,0,0
"331",43283.4422971191,42834.6602809426,62889.8573488795,57405.6422556303
"332",46339.9771643274,50431.6965952459,53875.3956795987,48635.4882773508
"333",0,0,0,0
"334",35490.4696081955,39181.5195038929,36518.6616752398,45031.4012026398
"335",17.6555363234405,21.2266464346127,131.642454865593,20.2808383825884
"336",38258.2429280489,39547.8473184165,63635.503819201,69961.1445625021
"337",44838.9481839451,48513.7522286488,55785.9116536174,80953.8405730315
"338",0,0,0,0
"339",14.8757649156808,39.9842502275509,8.72165500853907,0
"340",0,0,0,3.56504874770636
"341",34119.9797111684,33523.8250335715,39868.3327589843,44985.1628067465
"342",0,0,0,0
"343",1.8857343727118,1.95316101186869,0,5.34235344714057
"344",0,0,0,0
"345",0,0,0,0
"346",4440.81527292781,10908.5866420096,1642.47733007509,2915.46182738611
"347",0,7.23945787301221,0,8.29671603892593
"348",0,0,8.08798874042878,32.53059510208
"349",73.6277702127265,15.3289067815063,60.8799489041654,248.410709522115
"350",49185.0916667322,58306.7697523731,43836.4473641933,76714.6444155436
"351",43600.4030983225,47549.9296898309,50577.4257633243,70133.502747315
"352",200.167626005303,329.303438227224,116.295516182334,15.6206500742918
"353",8.69099331209714,0,0,0
"354",704.101798079125,417.323243666739,383.762067174643,3205.96839137123
"355",1337.27507990117,2509.85641116464,688.102836389437,2261.10656166799
"356",0,0,0,0
"357",0,0,0,0
"358",4005.68407029085,19372.40630975,3068.59546932998,2467.37591655355
"359",0,0,0,0
"360",0,6.58491062238579,0,0
"361",59031.624372285,79625.1821487573,87492.7051126967,87651.3226392012
"362",7291.34012891759,12580.8188509816,4812.43003246479,15405.8164128315
"363",699.82738601645,1252.92790014706,415.793149285407,4167.61042324253
"364",4750.01674849371,4706.18795226302,3108.60224810346,3622.49789973773
"365",27.9411945079709,162.59348949473,85.2894567811896,52.5707960542066
"366",11099.7665029122,34515.1706416154,13995.969363507,10153.5279725273
"367",0,11.1014371237016,0,0
"368",16439.670326638,5242.26969698891,25100.1898811647,21520.6099753135
"369",11467.6743391269,26288.5942676855,14325.8172690503,15459.0583577584
"370",2772.02063855241,3929.56711529199,700.715045090772,737.367886556349
"371",5498.38867456589,14843.4204901855,1508.08199732639,2213.30671146961
"372",0,0,0,0
"373",11885.9843020988,14832.7909955985,13128.5707467716,20857.2805233691
"374",17474.5365516964,18720.838058392,18924.2535573866,35158.1352559357
"375",47500.9522362681,41020.9399670639,62911.7410293197,62776.9632083062
"376",0,0,0,0
"377",0,0,0,0
"378",6.35354731304779,0,0,7.99190195330287
"379",10577.6319720858,12751.1836972462,12006.8881427592,18615.5987783549
"380",39.5071482366742,0,0,6.49956187579209
"381",10.6089158424324,21.1967857206145,8.83684716427026,0
"382",75540.8486444628,132847.786480501,122464.639956362,126878.675092825
"383",5769.91978545274,11660.8314216986,3197.55681483658,7143.3497087546
"384",94.6581742967288,516.525108030278,174.098283582348,951.674399926948
"385",0,0,0,0
"386",1152.68923869264,1352.68269831378,726.26964462109,2504.786877169
"387",238.310418537131,220.554901879567,100.863399424949,933.475434700818
"388",6076.73155802836,5147.8148249743,14369.8773916801,13052.2213043843
"389",4047.50440813896,11682.2294252707,732.500948934173,1043.43684000837
"390",5.36452137320511,2.07796841171543,0,10.9397908603461
"391",165.856096867554,305.526938506581,75.416900787266,970.227235467189
"392",7316.588112251,7490.31008052325,5392.79166807438,11246.7763309607
"393",1452.11686219246,4349.80392844008,3742.59250344197,7055.44282880433
"394",6936.41903634866,5637.26650994733,7721.5789650749,5206.05692389584
"395",49673.176932703,31719.6700525748,49746.962032354,71089.6198987064
"396",54759.5345026064,26631.2296463483,68076.2785787606,75964.9161850132
"397",0,0,0,0
"398",0,11.7168363341995,48.4716094625168,27.2226720677921
"399",0,0,0,0
"400",168.534396795275,337.384404705502,107.034107455469,950.800969257251
"401",10331.1756541358,17123.4780815079,13498.3170671858,27633.8126196569
"402",1.92430798414579,15.4386240271849,0,5.7673612802426
"403",17273.7617765992,13587.9938151233,12785.7834404268,12666.0773735924
"404",142.314614288363,45.979605450912,182.51544300388,2042.9602006176
"405",0,0,0,18.6197925757667
"406",1790.76743272265,4576.4732919502,4786.8493164151,7280.61133450691
"407",20012.4497725679,25319.9760020231,25915.4461624352,31958.2948306029
"408",3119.54996950514,8168.61877044766,882.571567823916,566.904828412127
"409",315.236604020442,618.639624774147,228.140794659617,1139.90018510285
"410",4218.10412578175,14358.3739660015,3504.1416647209,2173.59239129452
"411",22251.2426983852,27030.8059694259,22337.0679624935,18985.6947979764
"412",1534.07827977974,849.909378371628,2259.18510625684,1787.55166114282
"413",15237.2363183172,25461.5876984805,14974.0094602654,40375.6008285314
"414",41167.9096549638,30064.6776844729,53293.0902113359,49770.8059906592
"415",7970.77070784541,12104.5368423658,6759.36287649912,13974.1300930289
"416",11597.7231405691,17651.4404046365,15059.9096956646,23053.3350004149
"417",38671.4697259833,49868.2381535891,47266.2858372127,53315.4675305854
"418",36194.9989119025,45289.4943868385,51377.4640866105,68258.6404079693
"419",0,0,0,0
"420",45402.8108858066,47699.9529974923,50836.5790251584,59226.3422116444
"421",0,0,0,7.99404674655831
"422",43254.3183086709,19683.1288453826,54177.8635390693,56284.1139299733
"423",1015.11181653794,1765.72840069248,1025.3463503651,2337.00842969005
"424",0,0,0,0
"425",47336.5659532665,40350.7434628224,43293.2582487375,49227.8818617215
